stage,butterfly_idx,twiddle_norm,add_norm,sub_norm
0,0,0,0,1
0,1,0,0,1
0,2,0,0,0
0,3,1,0,1
0,4,1,1,0
0,5,0,0,0
0,6,1,0,1
0,7,0,0,0
0,8,0,0,0
0,9,0,0,0
0,10,1,0,1
0,11,0,0,0
0,12,0,0,1
0,13,1,0,1
0,14,1,1,0
0,15,0,0,1
0,16,0,0,0
0,17,0,0,0
0,18,1,0,1
0,19,0,0,0
0,20,0,0,0
0,21,1,1,0
0,22,0,0,1
0,23,0,0,1
0,24,1,1,0
0,25,0,0,0
0,26,1,0,1
0,27,1,0,1
0,28,1,0,1
0,29,1,1,0
0,30,1,1,0
0,31,1,0,1
0,32,0,0,0
0,33,1,1,0
0,34,0,0,0
0,35,0,0,0
0,36,1,1,0
0,37,0,0,0
0,38,1,1,0
0,39,1,1,0
0,40,0,0,1
0,41,1,1,0
0,42,0,0,0
0,43,1,1,0
0,44,1,1,0
0,45,1,0,1
0,46,0,0,1
0,47,0,0,0
0,48,0,0,0
0,49,0,0,1
0,50,0,0,0
0,51,1,1,0
0,52,1,0,1
0,53,1,1,0
0,54,0,0,0
0,55,0,0,0
0,56,1,0,1
0,57,0,0,1
0,58,0,0,0
0,59,1,0,1
0,60,1,0,1
0,61,0,0,1
0,62,1,0,1
0,63,1,1,0
0,64,1,0,1
0,65,0,0,0
0,66,1,1,0
0,67,0,0,1
0,68,1,1,0
0,69,0,0,0
0,70,1,1,0
0,71,1,0,1
0,72,1,0,1
0,73,0,0,0
0,74,0,0,0
0,75,0,0,0
0,76,0,0,0
0,77,1,1,0
0,78,1,0,1
0,79,1,0,1
0,80,0,0,0
0,81,1,0,1
0,82,1,0,1
0,83,0,0,0
0,84,1,0,1
0,85,0,0,0
0,86,1,1,0
0,87,1,1,0
0,88,0,0,0
0,89,1,0,1
0,90,1,1,0
0,91,1,0,1
0,92,0,0,0
0,93,0,0,0
0,94,0,0,0
0,95,1,0,1
0,96,0,0,1
0,97,0,0,1
0,98,0,0,0
0,99,0,0,0
0,100,0,0,1
0,101,1,0,1
0,102,0,0,0
0,103,0,0,0
0,104,0,0,0
0,105,0,0,0
0,106,1,0,1
0,107,0,0,1
0,108,1,0,1
0,109,0,0,1
0,110,1,0,1
0,111,0,1,0
0,112,0,1,0
0,113,1,1,0
0,114,0,0,0
0,115,1,0,1
0,116,0,0,0
0,117,1,0,1
0,118,1,0,1
0,119,1,1,0
0,120,1,1,0
0,121,1,0,1
0,122,0,0,0
0,123,0,0,0
0,124,0,0,0
0,125,0,1,0
0,126,1,1,0
0,127,1,1,0
0,128,1,1,0
0,129,0,0,1
0,130,1,1,0
0,131,1,1,0
0,132,0,0,1
0,133,1,0,1
0,134,0,0,0
0,135,1,0,1
0,136,0,0,1
0,137,0,0,0
0,138,1,0,1
0,139,0,0,0
0,140,0,0,0
0,141,0,0,1
0,142,1,1,0
0,143,1,0,1
0,144,0,1,0
0,145,0,0,1
0,146,1,0,1
0,147,1,0,1
0,148,0,0,1
0,149,0,0,0
0,150,0,0,0
0,151,1,1,0
0,152,0,1,0
0,153,0,0,0
0,154,0,0,0
0,155,1,1,0
0,156,0,1,0
0,157,1,0,1
0,158,0,1,0
0,159,1,0,1
0,160,1,0,1
0,161,1,1,0
0,162,0,0,0
0,163,0,0,1
0,164,0,0,0
0,165,0,0,0
0,166,0,0,1
0,167,1,1,0
0,168,1,0,1
0,169,0,0,1
0,170,0,0,0
0,171,1,0,1
0,172,1,0,1
0,173,0,0,1
0,174,0,1,0
0,175,1,0,1
0,176,0,0,0
0,177,0,0,1
0,178,1,0,1
0,179,1,0,1
0,180,0,0,0
0,181,1,1,0
0,182,0,0,0
0,183,0,0,0
0,184,1,1,0
0,185,0,0,0
0,186,1,1,0
0,187,1,0,1
0,188,1,0,1
0,189,1,1,0
0,190,1,0,1
0,191,0,0,0
0,192,0,1,0
0,193,1,1,0
0,194,1,1,0
0,195,1,0,1
0,196,0,0,0
0,197,0,0,1
0,198,0,0,0
0,199,0,0,1
0,200,0,0,0
0,201,0,1,0
0,202,1,1,0
0,203,0,0,0
0,204,0,1,0
0,205,1,0,1
0,206,1,0,1
0,207,0,0,1
0,208,1,1,0
0,209,0,0,0
0,210,0,0,1
0,211,1,0,1
0,212,0,1,0
0,213,1,1,0
0,214,1,0,1
0,215,0,0,0
0,216,1,0,1
0,217,0,0,0
0,218,0,0,1
0,219,1,1,0
0,220,1,0,1
0,221,0,0,0
0,222,0,0,0
0,223,1,0,1
0,224,0,0,1
0,225,0,0,0
0,226,0,0,0
0,227,0,0,0
0,228,0,1,0
0,229,0,0,1
0,230,0,0,1
0,231,0,0,0
0,232,1,0,1
0,233,0,0,0
0,234,0,0,0
0,235,1,0,1
0,236,0,0,0
0,237,0,0,0
0,238,1,0,1
0,239,1,0,1
0,240,1,0,1
0,241,0,1,0
0,242,1,1,0
0,243,0,0,0
0,244,1,1,0
0,245,1,1,0
0,246,1,1,0
0,247,0,0,0
0,248,0,0,0
0,249,1,0,1
0,250,0,0,0
0,251,0,0,0
0,252,0,0,1
0,253,0,0,0
0,254,1,0,1
0,255,1,1,0
1,0,1,1,0
1,1,1,1,1
1,2,1,1,0
1,3,1,1,1
1,4,1,0,1
1,5,1,0,1
1,6,0,0,0
1,7,1,1,0
1,8,1,1,0
1,9,0,0,1
1,10,1,0,1
1,11,1,1,0
1,12,1,1,0
1,13,1,1,1
1,14,1,1,1
1,15,1,0,0
1,16,1,0,1
1,17,1,0,1
1,18,1,0,1
1,19,1,1,0
1,20,1,0,1
1,21,0,0,0
1,22,1,1,0
1,23,1,1,0
1,24,1,0,1
1,25,1,0,1
1,26,1,0,0
1,27,1,1,1
1,28,1,0,1
1,29,1,1,1
1,30,1,0,1
1,31,1,1,1
1,32,1,0,1
1,33,1,0,0
1,34,1,0,1
1,35,1,0,1
1,36,0,1,0
1,37,0,0,0
1,38,1,1,1
1,39,1,0,0
1,40,1,1,0
1,41,1,1,1
1,42,1,0,1
1,43,1,1,1
1,44,1,0,1
1,45,1,0,1
1,46,1,1,0
1,47,1,0,1
1,48,0,0,0
1,49,1,1,0
1,50,1,0,1
1,51,1,1,1
1,52,1,0,1
1,53,1,0,0
1,54,0,0,1
1,55,0,1,0
1,56,1,0,1
1,57,1,1,0
1,58,1,0,1
1,59,1,1,1
1,60,1,0,0
1,61,1,0,0
1,62,1,0,0
1,63,0,0,1
1,64,1,1,0
1,65,1,0,1
1,66,1,1,0
1,67,1,1,0
1,68,1,0,1
1,69,1,1,0
1,70,0,0,0
1,71,1,0,1
1,72,1,0,1
1,73,1,1,0
1,74,1,0,1
1,75,1,0,1
1,76,1,1,0
1,77,1,0,1
1,78,1,0,0
1,79,1,1,1
1,80,1,0,1
1,81,1,0,0
1,82,1,0,1
1,83,1,1,0
1,84,1,1,0
1,85,1,1,0
1,86,1,1,1
1,87,1,1,0
1,88,1,0,1
1,89,1,0,1
1,90,1,0,1
1,91,1,0,1
1,92,1,0,1
1,93,1,0,1
1,94,1,0,1
1,95,1,0,1
1,96,1,1,1
1,97,0,0,0
1,98,1,1,0
1,99,1,0,1
1,100,1,1,0
1,101,1,0,0
1,102,1,0,1
1,103,0,0,0
1,104,1,0,1
1,105,1,0,1
1,106,1,0,1
1,107,1,1,1
1,108,0,1,0
1,109,1,1,0
1,110,1,0,1
1,111,1,1,0
1,112,1,1,0
1,113,1,0,0
1,114,1,0,1
1,115,0,0,0
1,116,1,0,1
1,117,1,0,0
1,118,1,0,1
1,119,0,0,1
1,120,1,0,1
1,121,1,1,0
1,122,0,0,0
1,123,0,0,0
1,124,1,0,1
1,125,0,0,0
1,126,1,0,1
1,127,1,0,0
1,128,1,0,1
1,129,1,1,1
1,130,1,1,0
1,131,1,1,0
1,132,1,1,0
1,133,1,0,1
1,134,0,0,0
1,135,1,1,0
1,136,1,1,0
1,137,0,0,1
1,138,1,1,0
1,139,0,1,0
1,140,1,0,1
1,141,1,1,1
1,142,1,0,1
1,143,1,0,1
1,144,1,0,1
1,145,1,0,1
1,146,1,1,0
1,147,1,1,0
1,148,1,0,1
1,149,0,0,0
1,150,1,0,1
1,151,1,0,1
1,152,1,1,0
1,153,1,0,1
1,154,0,1,1
1,155,1,0,1
1,156,1,1,0
1,157,1,0,0
1,158,1,1,0
1,159,1,0,0
1,160,1,0,1
1,161,1,0,0
1,162,0,0,1
1,163,1,0,1
1,164,0,0,1
1,165,0,0,0
1,166,1,1,1
1,167,1,0,0
1,168,1,0,1
1,169,1,1,1
1,170,1,0,1
1,171,1,1,0
1,172,1,1,0
1,173,1,1,0
1,174,1,1,1
1,175,1,0,1
1,176,0,0,0
1,177,1,0,1
1,178,1,0,1
1,179,1,0,0
1,180,1,1,0
1,181,1,0,0
1,182,0,0,1
1,183,0,1,0
1,184,1,1,0
1,185,1,0,1
1,186,1,0,1
1,187,1,0,0
1,188,1,0,1
1,189,1,0,0
1,190,1,1,1
1,191,0,1,0
1,192,1,0,1
1,193,1,0,1
1,194,1,1,1
1,195,1,0,1
1,196,1,1,0
1,197,1,1,0
1,198,0,0,0
1,199,1,1,0
1,200,1,0,0
1,201,1,1,0
1,202,1,0,1
1,203,1,0,1
1,204,1,1,0
1,205,1,1,0
1,206,1,1,1
1,207,1,1,1
1,208,1,0,1
1,209,0,1,0
1,210,1,1,0
1,211,1,1,0
1,212,1,0,1
1,213,1,1,0
1,214,1,0,0
1,215,1,0,1
1,216,1,0,1
1,217,1,1,0
1,218,1,0,0
1,219,1,1,0
1,220,1,0,1
1,221,1,0,1
1,222,1,0,1
1,223,1,1,0
1,224,1,1,1
1,225,0,0,0
1,226,1,1,0
1,227,1,0,1
1,228,1,0,1
1,229,1,1,0
1,230,1,0,1
1,231,0,0,0
1,232,1,0,1
1,233,0,0,1
1,234,0,1,0
1,235,1,0,1
1,236,0,0,1
1,237,1,0,1
1,238,1,0,0
1,239,1,0,1
1,240,1,0,1
1,241,1,1,1
1,242,1,0,1
1,243,0,0,0
1,244,1,0,1
1,245,1,0,0
1,246,1,0,0
1,247,0,1,0
1,248,1,0,0
1,249,1,0,1
1,250,0,0,0
1,251,0,0,0
1,252,1,0,1
1,253,0,0,0
1,254,1,1,0
1,255,1,0,0
2,0,1,0,0
2,1,1,1,1
2,2,1,0,1
2,3,1,0,1
2,4,1,1,1
2,5,1,0,1
2,6,1,0,1
2,7,1,1,0
2,8,1,1,0
2,9,1,1,1
2,10,1,1,1
2,11,1,1,0
2,12,1,0,1
2,13,1,0,1
2,14,1,1,1
2,15,1,0,0
2,16,1,0,1
2,17,1,1,0
2,18,1,1,0
2,19,1,0,0
2,20,1,1,0
2,21,1,0,1
2,22,1,1,0
2,23,1,1,1
2,24,1,1,0
2,25,1,0,0
2,26,1,1,1
2,27,1,0,0
2,28,1,1,0
2,29,1,0,1
2,30,1,1,0
2,31,1,1,1
2,32,1,0,0
2,33,1,0,0
2,34,1,0,1
2,35,1,1,0
2,36,1,0,0
2,37,1,0,1
2,38,1,0,1
2,39,0,0,0
2,40,1,0,1
2,41,1,0,1
2,42,1,1,1
2,43,1,0,1
2,44,1,1,0
2,45,1,1,0
2,46,1,0,1
2,47,1,0,1
2,48,1,0,1
2,49,1,0,1
2,50,1,0,1
2,51,1,1,1
2,52,1,1,0
2,53,1,1,0
2,54,1,0,0
2,55,1,1,0
2,56,1,1,1
2,57,1,0,0
2,58,0,0,0
2,59,0,0,0
2,60,1,1,0
2,61,1,1,0
2,62,1,1,1
2,63,1,1,0
2,64,1,0,1
2,65,1,1,0
2,66,1,1,1
2,67,1,1,1
2,68,1,1,0
2,69,1,1,0
2,70,1,0,1
2,71,1,0,1
2,72,1,0,1
2,73,1,1,1
2,74,1,1,0
2,75,1,0,1
2,76,1,0,0
2,77,1,0,1
2,78,1,1,1
2,79,1,1,0
2,80,1,1,0
2,81,1,0,1
2,82,1,1,0
2,83,1,0,0
2,84,1,0,1
2,85,1,0,1
2,86,1,0,1
2,87,1,0,1
2,88,1,0,0
2,89,1,1,1
2,90,1,1,1
2,91,1,1,0
2,92,1,1,1
2,93,1,0,1
2,94,1,1,1
2,95,1,1,0
2,96,1,1,1
2,97,1,0,0
2,98,1,1,0
2,99,1,0,1
2,100,1,0,1
2,101,1,0,1
2,102,1,0,0
2,103,0,0,0
2,104,1,1,1
2,105,1,0,0
2,106,1,1,0
2,107,1,0,1
2,108,1,0,1
2,109,1,1,1
2,110,1,1,1
2,111,1,1,0
2,112,1,0,1
2,113,1,1,0
2,114,1,1,0
2,115,1,1,1
2,116,1,0,1
2,117,1,0,0
2,118,1,0,0
2,119,1,0,0
2,120,1,1,1
2,121,1,0,1
2,122,0,0,0
2,123,0,0,0
2,124,1,0,0
2,125,1,0,0
2,126,1,1,1
2,127,1,0,0
2,128,1,1,0
2,129,1,0,1
2,130,1,0,1
2,131,1,0,1
2,132,1,0,0
2,133,1,0,0
2,134,1,1,0
2,135,1,0,0
2,136,1,1,0
2,137,1,0,1
2,138,1,0,0
2,139,1,1,0
2,140,1,1,1
2,141,1,1,1
2,142,1,1,0
2,143,1,1,1
2,144,1,0,0
2,145,1,0,0
2,146,1,0,0
2,147,1,0,0
2,148,1,1,0
2,149,1,1,0
2,150,1,1,1
2,151,1,1,1
2,152,1,0,1
2,153,1,1,0
2,154,1,0,0
2,155,1,1,0
2,156,1,0,1
2,157,1,1,0
2,158,1,1,1
2,159,1,1,1
2,160,1,1,1
2,161,1,0,1
2,162,1,1,0
2,163,1,1,0
2,164,1,1,1
2,165,1,0,1
2,166,1,1,0
2,167,0,0,0
2,168,1,1,0
2,169,1,1,0
2,170,1,0,1
2,171,1,0,1
2,172,1,1,1
2,173,1,0,1
2,174,1,0,1
2,175,1,1,1
2,176,1,0,1
2,177,1,1,1
2,178,1,1,1
2,179,1,1,0
2,180,1,0,0
2,181,1,0,1
2,182,1,0,0
2,183,1,0,0
2,184,1,1,0
2,185,1,1,1
2,186,0,0,0
2,187,0,0,0
2,188,1,1,0
2,189,1,1,1
2,190,1,0,0
2,191,1,0,1
2,192,1,0,1
2,193,1,0,1
2,194,1,1,0
2,195,1,0,1
2,196,1,1,1
2,197,1,1,0
2,198,1,1,0
2,199,1,0,0
2,200,1,0,1
2,201,1,0,0
2,202,1,0,1
2,203,1,0,1
2,204,1,0,0
2,205,1,1,0
2,206,1,1,0
2,207,1,1,0
2,208,1,0,1
2,209,1,0,1
2,210,1,0,1
2,211,1,0,0
2,212,1,1,1
2,213,1,1,0
2,214,1,1,1
2,215,1,1,0
2,216,1,1,1
2,217,1,1,1
2,218,1,1,0
2,219,1,1,0
2,220,1,1,1
2,221,1,0,0
2,222,1,0,0
2,223,1,0,1
2,224,1,0,0
2,225,1,0,1
2,226,1,0,0
2,227,1,1,1
2,228,1,1,1
2,229,1,0,1
2,230,1,0,0
2,231,0,0,0
2,232,1,1,1
2,233,1,1,0
2,234,1,1,0
2,235,1,1,1
2,236,1,1,1
2,237,1,1,0
2,238,1,1,1
2,239,1,1,1
2,240,1,0,1
2,241,1,0,0
2,242,1,0,1
2,243,1,1,1
2,244,1,1,1
2,245,1,0,1
2,246,1,1,0
2,247,1,1,1
2,248,1,0,0
2,249,1,1,0
2,250,0,0,0
2,251,0,0,0
2,252,1,0,0
2,253,1,0,1
2,254,1,0,0
2,255,1,1,1
3,0,1,1,0
3,1,1,1,1
3,2,1,1,0
3,3,1,1,1
3,4,1,0,1
3,5,1,0,1
3,6,1,0,0
3,7,1,1,1
3,8,1,0,0
3,9,1,0,1
3,10,1,1,1
3,11,1,0,1
3,12,1,1,1
3,13,1,0,0
3,14,1,1,0
3,15,1,1,0
3,16,1,1,0
3,17,1,1,1
3,18,1,0,1
3,19,1,1,0
3,20,1,0,1
3,21,1,1,1
3,22,1,1,1
3,23,1,1,1
3,24,1,0,0
3,25,1,1,0
3,26,1,0,1
3,27,1,1,1
3,28,1,0,1
3,29,1,1,0
3,30,1,0,1
3,31,1,1,1
3,32,1,0,1
3,33,1,1,0
3,34,1,0,0
3,35,1,1,1
3,36,1,1,0
3,37,1,1,1
3,38,1,1,0
3,39,1,0,0
3,40,1,0,0
3,41,1,1,1
3,42,1,0,0
3,43,1,0,1
3,44,1,1,1
3,45,1,0,0
3,46,1,1,1
3,47,1,1,0
3,48,1,0,0
3,49,1,0,1
3,50,1,1,1
3,51,1,0,0
3,52,1,1,0
3,53,1,1,1
3,54,1,0,1
3,55,1,1,0
3,56,1,1,1
3,57,1,0,1
3,58,1,1,0
3,59,1,1,1
3,60,1,0,1
3,61,1,0,1
3,62,1,0,0
3,63,1,1,0
3,64,1,1,1
3,65,1,0,0
3,66,1,1,0
3,67,1,0,1
3,68,1,0,1
3,69,1,1,1
3,70,1,0,0
3,71,1,1,0
3,72,1,1,0
3,73,1,0,1
3,74,1,0,1
3,75,1,0,0
3,76,1,0,0
3,77,1,0,0
3,78,1,1,0
3,79,1,0,0
3,80,1,0,1
3,81,1,1,1
3,82,1,0,1
3,83,1,0,0
3,84,1,1,0
3,85,1,1,0
3,86,1,0,1
3,87,1,1,0
3,88,1,1,0
3,89,1,0,0
3,90,1,0,1
3,91,1,1,1
3,92,1,1,1
3,93,1,1,0
3,94,1,0,1
3,95,1,1,0
3,96,1,1,0
3,97,1,0,0
3,98,1,1,0
3,99,1,0,0
3,100,1,0,0
3,101,1,0,1
3,102,1,0,0
3,103,1,1,0
3,104,1,0,1
3,105,1,1,1
3,106,1,1,1
3,107,1,0,0
3,108,1,0,1
3,109,1,1,1
3,110,1,1,0
3,111,1,1,1
3,112,1,1,1
3,113,1,1,1
3,114,1,0,1
3,115,1,0,0
3,116,1,1,1
3,117,1,0,1
3,118,1,1,1
3,119,1,0,0
3,120,1,0,0
3,121,1,1,0
3,122,1,0,0
3,123,1,1,1
3,124,1,1,0
3,125,1,0,0
3,126,1,1,1
3,127,1,0,1
3,128,1,0,1
3,129,1,0,1
3,130,1,0,0
3,131,1,1,0
3,132,1,1,0
3,133,1,0,1
3,134,1,1,0
3,135,1,1,0
3,136,1,0,1
3,137,1,1,1
3,138,1,1,0
3,139,1,0,0
3,140,1,1,1
3,141,1,0,0
3,142,1,0,0
3,143,1,0,1
3,144,1,1,0
3,145,1,1,0
3,146,1,0,0
3,147,1,1,0
3,148,1,1,1
3,149,1,1,0
3,150,1,1,1
3,151,1,1,1
3,152,1,1,0
3,153,1,0,1
3,154,1,0,0
3,155,1,0,1
3,156,1,1,0
3,157,1,1,0
3,158,1,1,1
3,159,1,0,1
3,160,1,1,0
3,161,1,1,0
3,162,1,1,1
3,163,1,1,0
3,164,1,0,1
3,165,1,0,1
3,166,1,0,1
3,167,1,1,1
3,168,1,1,1
3,169,1,0,0
3,170,1,0,1
3,171,1,0,1
3,172,1,1,0
3,173,1,1,0
3,174,1,1,1
3,175,1,1,0
3,176,1,1,0
3,177,1,1,0
3,178,1,1,1
3,179,1,1,1
3,180,1,0,0
3,181,1,1,1
3,182,1,1,1
3,183,1,1,0
3,184,1,0,1
3,185,1,0,1
3,186,1,0,1
3,187,1,0,1
3,188,1,1,0
3,189,1,0,1
3,190,1,1,0
3,191,1,1,1
3,192,1,0,0
3,193,1,0,0
3,194,1,1,1
3,195,1,0,0
3,196,1,0,1
3,197,1,1,1
3,198,1,0,1
3,199,1,1,0
3,200,1,1,1
3,201,1,1,1
3,202,1,1,0
3,203,1,1,0
3,204,1,1,0
3,205,1,1,1
3,206,1,1,1
3,207,1,0,0
3,208,1,1,1
3,209,1,1,0
3,210,1,0,0
3,211,1,1,1
3,212,1,0,1
3,213,1,0,0
3,214,1,1,0
3,215,1,0,1
3,216,1,0,1
3,217,1,0,0
3,218,1,1,1
3,219,1,1,1
3,220,1,0,1
3,221,1,1,0
3,222,1,1,1
3,223,1,1,0
3,224,1,1,0
3,225,1,1,0
3,226,1,0,0
3,227,1,0,0
3,228,1,1,1
3,229,1,0,0
3,230,1,1,1
3,231,1,0,0
3,232,1,1,0
3,233,1,1,1
3,234,1,1,1
3,235,1,0,1
3,236,1,0,1
3,237,1,0,0
3,238,1,0,1
3,239,1,0,1
3,240,1,1,0
3,241,1,0,0
3,242,1,1,0
3,243,1,1,1
3,244,1,0,1
3,245,1,0,1
3,246,1,1,0
3,247,1,0,1
3,248,1,1,0
3,249,1,1,1
3,250,1,1,0
3,251,1,0,1
3,252,1,1,1
3,253,1,1,1
3,254,1,0,1
3,255,1,0,0
4,0,1,1,1
4,1,1,0,0
4,2,1,0,1
4,3,1,0,1
4,4,1,0,1
4,5,1,1,0
4,6,1,1,1
4,7,1,0,1
4,8,1,1,1
4,9,1,1,0
4,10,1,0,1
4,11,1,1,0
4,12,1,1,1
4,13,1,0,0
4,14,1,1,1
4,15,1,0,0
4,16,1,0,0
4,17,1,1,0
4,18,1,1,1
4,19,1,1,1
4,20,1,1,0
4,21,1,1,0
4,22,1,0,0
4,23,1,0,1
4,24,1,0,0
4,25,1,1,0
4,26,1,0,1
4,27,1,1,0
4,28,1,1,0
4,29,1,0,1
4,30,1,0,1
4,31,1,0,0
4,32,1,1,0
4,33,1,0,1
4,34,1,1,1
4,35,1,0,0
4,36,1,0,0
4,37,1,0,1
4,38,1,0,1
4,39,1,1,1
4,40,1,0,0
4,41,1,1,0
4,42,1,1,1
4,43,1,0,0
4,44,1,0,0
4,45,1,1,0
4,46,1,1,1
4,47,1,0,0
4,48,1,1,0
4,49,1,0,0
4,50,1,0,1
4,51,1,1,1
4,52,1,1,1
4,53,1,1,0
4,54,1,0,1
4,55,1,0,1
4,56,1,0,1
4,57,1,1,0
4,58,1,0,0
4,59,1,1,0
4,60,1,1,0
4,61,1,1,1
4,62,1,1,0
4,63,1,0,1
4,64,1,1,1
4,65,1,1,0
4,66,1,0,1
4,67,1,1,0
4,68,1,1,0
4,69,1,0,0
4,70,1,1,1
4,71,1,0,1
4,72,1,0,0
4,73,1,0,0
4,74,1,1,0
4,75,1,1,0
4,76,1,1,0
4,77,1,1,0
4,78,1,0,0
4,79,1,1,1
4,80,1,1,0
4,81,1,1,1
4,82,1,1,1
4,83,1,1,1
4,84,1,1,0
4,85,1,1,0
4,86,1,0,0
4,87,1,0,1
4,88,1,0,1
4,89,1,1,0
4,90,1,1,1
4,91,1,0,0
4,92,1,1,0
4,93,1,1,1
4,94,1,0,1
4,95,1,1,1
4,96,1,1,0
4,97,1,1,1
4,98,1,0,0
4,99,1,1,0
4,100,1,0,0
4,101,1,0,0
4,102,1,1,0
4,103,1,0,0
4,104,1,1,0
4,105,1,0,0
4,106,1,0,0
4,107,1,1,1
4,108,1,1,1
4,109,1,1,1
4,110,1,1,1
4,111,1,0,1
4,112,1,0,1
4,113,1,0,0
4,114,1,0,0
4,115,1,1,0
4,116,1,0,1
4,117,1,1,0
4,118,1,0,0
4,119,1,1,1
4,120,1,0,0
4,121,1,1,0
4,122,1,1,0
4,123,1,0,0
4,124,1,1,1
4,125,1,1,0
4,126,1,0,0
4,127,1,1,1
4,128,1,0,1
4,129,1,0,0
4,130,1,0,0
4,131,1,0,1
4,132,1,0,1
4,133,1,1,0
4,134,1,1,1
4,135,1,0,1
4,136,1,1,1
4,137,1,1,1
4,138,1,0,1
4,139,1,1,0
4,140,1,1,1
4,141,1,1,0
4,142,1,0,1
4,143,1,0,0
4,144,1,1,0
4,145,1,1,1
4,146,1,0,0
4,147,1,0,1
4,148,1,0,1
4,149,1,1,0
4,150,1,0,1
4,151,1,0,1
4,152,1,1,0
4,153,1,1,0
4,154,1,1,1
4,155,1,1,0
4,156,1,0,0
4,157,1,0,0
4,158,1,0,1
4,159,1,1,1
4,160,1,0,1
4,161,1,1,1
4,162,1,1,1
4,163,1,1,1
4,164,1,1,0
4,165,1,1,1
4,166,1,1,0
4,167,1,0,1
4,168,1,0,1
4,169,1,1,0
4,170,1,1,1
4,171,1,1,0
4,172,1,0,0
4,173,1,0,0
4,174,1,0,1
4,175,1,0,1
4,176,1,0,0
4,177,1,0,0
4,178,1,1,0
4,179,1,0,1
4,180,1,1,0
4,181,1,0,0
4,182,1,1,1
4,183,1,1,1
4,184,1,1,1
4,185,1,1,0
4,186,1,1,0
4,187,1,0,0
4,188,1,0,0
4,189,1,0,0
4,190,1,0,1
4,191,1,0,1
4,192,1,1,1
4,193,1,0,0
4,194,1,1,1
4,195,1,1,0
4,196,1,0,1
4,197,1,1,1
4,198,1,0,1
4,199,1,0,1
4,200,1,1,1
4,201,1,1,1
4,202,1,1,0
4,203,1,1,1
4,204,1,0,1
4,205,1,0,1
4,206,1,0,1
4,207,1,1,0
4,208,1,1,0
4,209,1,1,0
4,210,1,1,0
4,211,1,1,0
4,212,1,1,0
4,213,1,1,0
4,214,1,1,0
4,215,1,0,1
4,216,1,1,1
4,217,1,1,0
4,218,1,0,1
4,219,1,1,1
4,220,1,0,0
4,221,1,0,0
4,222,1,0,0
4,223,1,0,1
4,224,1,0,1
4,225,1,0,1
4,226,1,1,1
4,227,1,1,0
4,228,1,0,1
4,229,1,0,0
4,230,1,1,1
4,231,1,0,0
4,232,1,1,1
4,233,1,0,0
4,234,1,0,1
4,235,1,1,0
4,236,1,0,0
4,237,1,1,0
4,238,1,1,1
4,239,1,1,0
4,240,1,1,1
4,241,1,1,1
4,242,1,0,1
4,243,1,0,0
4,244,1,1,0
4,245,1,0,1
4,246,1,1,0
4,247,1,0,1
4,248,1,0,0
4,249,1,1,0
4,250,1,0,0
4,251,1,0,0
4,252,1,1,0
4,253,1,1,1
4,254,1,1,0
4,255,1,1,0
5,0,1,0,0
5,1,1,0,0
5,2,1,1,0
5,3,1,1,1
5,4,1,0,0
5,5,1,0,1
5,6,1,1,1
5,7,1,1,0
5,8,1,0,1
5,9,1,0,1
5,10,1,1,1
5,11,1,1,0
5,12,1,1,0
5,13,1,0,0
5,14,1,1,0
5,15,1,0,0
5,16,1,0,0
5,17,1,0,0
5,18,1,0,1
5,19,1,0,0
5,20,1,0,0
5,21,1,0,1
5,22,1,0,0
5,23,1,1,0
5,24,1,0,1
5,25,1,0,0
5,26,1,0,0
5,27,1,1,1
5,28,1,0,0
5,29,1,1,0
5,30,1,0,1
5,31,1,0,0
5,32,1,0,1
5,33,1,1,0
5,34,1,1,1
5,35,1,1,0
5,36,1,1,1
5,37,1,1,0
5,38,1,0,0
5,39,1,0,1
5,40,1,0,1
5,41,1,1,0
5,42,1,1,1
5,43,1,1,1
5,44,1,0,0
5,45,1,1,0
5,46,1,0,0
5,47,1,0,0
5,48,1,0,0
5,49,1,1,1
5,50,1,1,1
5,51,1,1,1
5,52,1,1,1
5,53,1,1,1
5,54,1,0,0
5,55,1,0,0
5,56,1,1,1
5,57,1,1,1
5,58,1,1,0
5,59,1,1,0
5,60,1,1,1
5,61,1,0,0
5,62,1,1,0
5,63,1,0,1
5,64,1,0,1
5,65,1,0,1
5,66,1,1,1
5,67,1,0,0
5,68,1,1,1
5,69,1,1,0
5,70,1,1,0
5,71,1,1,1
5,72,1,1,0
5,73,1,0,0
5,74,1,1,0
5,75,1,0,0
5,76,1,1,1
5,77,1,0,1
5,78,1,0,0
5,79,1,1,1
5,80,1,1,1
5,81,1,0,1
5,82,1,0,0
5,83,1,0,0
5,84,1,0,1
5,85,1,1,0
5,86,1,0,1
5,87,1,1,0
5,88,1,0,1
5,89,1,0,0
5,90,1,0,0
5,91,1,0,0
5,92,1,0,1
5,93,1,0,1
5,94,1,0,1
5,95,1,1,0
5,96,1,0,1
5,97,1,1,1
5,98,1,1,1
5,99,1,0,1
5,100,1,0,0
5,101,1,1,0
5,102,1,0,0
5,103,1,1,0
5,104,1,0,0
5,105,1,1,0
5,106,1,0,0
5,107,1,1,0
5,108,1,1,1
5,109,1,0,0
5,110,1,0,1
5,111,1,0,1
5,112,1,0,0
5,113,1,0,1
5,114,1,1,1
5,115,1,0,0
5,116,1,0,0
5,117,1,0,1
5,118,1,1,0
5,119,1,0,0
5,120,1,1,1
5,121,1,0,1
5,122,1,1,1
5,123,1,0,1
5,124,1,1,1
5,125,1,0,0
5,126,1,0,0
5,127,1,1,1
5,128,1,1,0
5,129,1,1,0
5,130,1,1,0
5,131,1,0,0
5,132,1,1,0
5,133,1,1,0
5,134,1,0,1
5,135,1,0,0
5,136,1,0,0
5,137,1,1,1
5,138,1,0,0
5,139,1,1,0
5,140,1,1,1
5,141,1,0,1
5,142,1,1,1
5,143,1,1,0
5,144,1,0,1
5,145,1,0,0
5,146,1,1,0
5,147,1,1,0
5,148,1,1,0
5,149,1,1,1
5,150,1,1,0
5,151,1,0,1
5,152,1,0,0
5,153,1,0,0
5,154,1,0,1
5,155,1,0,1
5,156,1,0,1
5,157,1,1,1
5,158,1,0,0
5,159,1,1,0
5,160,1,1,1
5,161,1,0,0
5,162,1,0,1
5,163,1,1,0
5,164,1,1,1
5,165,1,1,1
5,166,1,0,1
5,167,1,0,0
5,168,1,1,1
5,169,1,0,0
5,170,1,1,0
5,171,1,1,0
5,172,1,0,1
5,173,1,0,0
5,174,1,0,1
5,175,1,0,0
5,176,1,0,0
5,177,1,0,0
5,178,1,0,1
5,179,1,1,1
5,180,1,0,1
5,181,1,1,0
5,182,1,0,1
5,183,1,0,1
5,184,1,0,0
5,185,1,1,1
5,186,1,1,1
5,187,1,1,1
5,188,1,1,0
5,189,1,0,1
5,190,1,0,0
5,191,1,1,0
5,192,1,0,0
5,193,1,1,1
5,194,1,0,0
5,195,1,0,0
5,196,1,1,1
5,197,1,0,1
5,198,1,0,0
5,199,1,0,0
5,200,1,1,0
5,201,1,0,0
5,202,1,0,0
5,203,1,0,1
5,204,1,1,0
5,205,1,0,1
5,206,1,1,0
5,207,1,0,0
5,208,1,0,1
5,209,1,0,0
5,210,1,0,1
5,211,1,0,1
5,212,1,0,1
5,213,1,0,1
5,214,1,0,0
5,215,1,1,0
5,216,1,0,1
5,217,1,0,1
5,218,1,0,1
5,219,1,0,1
5,220,1,1,1
5,221,1,0,1
5,222,1,1,1
5,223,1,0,0
5,224,1,0,0
5,225,1,1,1
5,226,1,1,1
5,227,1,0,0
5,228,1,1,0
5,229,1,0,0
5,230,1,0,0
5,231,1,1,0
5,232,1,1,1
5,233,1,1,1
5,234,1,1,1
5,235,1,0,1
5,236,1,0,0
5,237,1,0,1
5,238,1,1,0
5,239,1,0,0
5,240,1,0,0
5,241,1,0,1
5,242,1,1,1
5,243,1,1,1
5,244,1,0,1
5,245,1,0,0
5,246,1,0,1
5,247,1,1,1
5,248,1,0,0
5,249,1,0,1
5,250,1,1,0
5,251,1,0,1
5,252,1,0,1
5,253,1,1,0
5,254,1,0,0
5,255,1,1,0
6,0,1,0,1
6,1,1,0,0
6,2,1,1,0
6,3,1,0,1
6,4,1,0,1
6,5,1,1,1
6,6,1,0,1
6,7,1,1,0
6,8,1,1,1
6,9,1,1,0
6,10,1,0,0
6,11,1,1,1
6,12,1,1,0
6,13,1,1,0
6,14,1,1,0
6,15,1,1,0
6,16,1,1,0
6,17,1,1,1
6,18,1,1,0
6,19,1,1,0
6,20,1,0,1
6,21,1,0,1
6,22,1,1,0
6,23,1,0,1
6,24,1,0,0
6,25,1,0,0
6,26,1,1,1
6,27,1,0,0
6,28,1,0,1
6,29,1,0,1
6,30,1,0,0
6,31,1,1,0
6,32,1,1,0
6,33,1,0,0
6,34,1,0,1
6,35,1,0,0
6,36,1,0,1
6,37,1,0,1
6,38,1,0,0
6,39,1,0,1
6,40,1,1,0
6,41,1,1,0
6,42,1,1,1
6,43,1,0,1
6,44,1,1,1
6,45,1,0,1
6,46,1,1,0
6,47,1,1,0
6,48,1,1,0
6,49,1,1,1
6,50,1,1,1
6,51,1,0,1
6,52,1,0,1
6,53,1,1,0
6,54,1,0,0
6,55,1,1,1
6,56,1,1,1
6,57,1,0,1
6,58,1,0,1
6,59,1,0,0
6,60,1,1,1
6,61,1,1,1
6,62,1,0,1
6,63,1,0,1
6,64,1,1,0
6,65,1,1,0
6,66,1,0,1
6,67,1,0,1
6,68,1,1,0
6,69,1,0,0
6,70,1,1,1
6,71,1,0,1
6,72,1,1,1
6,73,1,0,0
6,74,1,0,1
6,75,1,0,0
6,76,1,0,1
6,77,1,0,1
6,78,1,0,1
6,79,1,1,1
6,80,1,0,1
6,81,1,1,0
6,82,1,1,1
6,83,1,0,1
6,84,1,0,0
6,85,1,0,0
6,86,1,0,0
6,87,1,0,1
6,88,1,1,0
6,89,1,1,1
6,90,1,1,1
6,91,1,1,0
6,92,1,1,1
6,93,1,0,0
6,94,1,1,0
6,95,1,1,1
6,96,1,1,1
6,97,1,0,0
6,98,1,0,0
6,99,1,0,1
6,100,1,1,0
6,101,1,1,0
6,102,1,0,0
6,103,1,1,0
6,104,1,0,0
6,105,1,0,1
6,106,1,1,1
6,107,1,0,1
6,108,1,0,1
6,109,1,0,0
6,110,1,0,1
6,111,1,1,0
6,112,1,1,0
6,113,1,1,0
6,114,1,1,1
6,115,1,1,1
6,116,1,0,0
6,117,1,0,1
6,118,1,1,0
6,119,1,0,0
6,120,1,0,1
6,121,1,0,0
6,122,1,0,0
6,123,1,0,0
6,124,1,1,0
6,125,1,0,1
6,126,1,1,0
6,127,1,1,1
6,128,1,0,1
6,129,1,1,1
6,130,1,0,0
6,131,1,1,0
6,132,1,0,1
6,133,1,0,0
6,134,1,0,0
6,135,1,0,0
6,136,1,1,0
6,137,1,1,1
6,138,1,0,1
6,139,1,0,0
6,140,1,1,1
6,141,1,1,0
6,142,1,0,1
6,143,0,0,1
6,144,1,1,0
6,145,1,0,0
6,146,1,0,1
6,147,1,0,1
6,148,1,0,1
6,149,1,0,1
6,150,1,1,1
6,151,1,1,1
6,152,1,1,0
6,153,1,1,0
6,154,1,0,0
6,155,1,1,1
6,156,1,0,1
6,157,1,1,1
6,158,1,1,0
6,159,1,1,1
6,160,1,0,1
6,161,1,1,0
6,162,1,0,0
6,163,1,0,1
6,164,1,0,0
6,165,1,1,1
6,166,1,0,0
6,167,1,1,0
6,168,1,1,0
6,169,1,1,0
6,170,1,0,1
6,171,1,1,1
6,172,1,1,0
6,173,1,0,0
6,174,1,0,0
6,175,1,0,0
6,176,1,1,0
6,177,1,1,1
6,178,1,1,0
6,179,1,0,1
6,180,1,1,0
6,181,1,1,1
6,182,1,1,1
6,183,1,0,0
6,184,1,1,1
6,185,1,0,1
6,186,1,0,1
6,187,1,1,1
6,188,1,0,1
6,189,1,0,0
6,190,1,1,1
6,191,1,1,0
6,192,1,1,0
6,193,1,1,0
6,194,1,0,0
6,195,1,1,1
6,196,1,0,0
6,197,1,1,0
6,198,1,0,1
6,199,1,1,1
6,200,1,0,1
6,201,1,1,0
6,202,1,1,1
6,203,1,1,1
6,204,1,1,1
6,205,1,1,1
6,206,1,0,0
6,207,1,1,1
6,208,1,1,0
6,209,1,1,0
6,210,1,1,0
6,211,1,1,0
6,212,1,1,1
6,213,1,0,1
6,214,1,1,1
6,215,1,0,1
6,216,1,0,1
6,217,1,0,0
6,218,1,0,0
6,219,1,1,0
6,220,1,1,1
6,221,1,1,0
6,222,1,1,0
6,223,1,1,0
6,224,1,0,0
6,225,1,0,1
6,226,1,0,1
6,227,1,1,0
6,228,1,0,1
6,229,1,1,0
6,230,1,1,0
6,231,1,1,1
6,232,1,1,0
6,233,1,1,1
6,234,1,0,1
6,235,1,0,1
6,236,1,1,0
6,237,1,1,1
6,238,1,1,0
6,239,1,1,0
6,240,1,1,0
6,241,1,0,0
6,242,1,1,1
6,243,1,0,1
6,244,1,0,1
6,245,1,1,1
6,246,1,0,0
6,247,1,1,0
6,248,1,1,0
6,249,1,1,0
6,250,1,1,1
6,251,1,0,0
6,252,1,0,0
6,253,1,1,0
6,254,1,1,1
6,255,1,1,1
7,0,1,1,0
7,1,1,1,0
7,2,1,0,1
7,3,1,0,0
7,4,1,0,0
7,5,1,0,1
7,6,1,1,0
7,7,1,0,0
7,8,1,0,1
7,9,1,0,1
7,10,1,1,1
7,11,1,0,0
7,12,1,0,1
7,13,1,0,1
7,14,1,1,0
7,15,1,1,0
7,16,1,0,1
7,17,1,0,1
7,18,1,0,0
7,19,1,1,1
7,20,1,1,0
7,21,1,1,0
7,22,1,0,0
7,23,1,1,0
7,24,1,1,0
7,25,1,1,1
7,26,1,1,0
7,27,1,0,1
7,28,1,1,0
7,29,1,1,0
7,30,1,1,0
7,31,1,0,0
7,32,1,1,0
7,33,1,1,1
7,34,1,0,1
7,35,1,1,1
7,36,1,0,0
7,37,1,1,0
7,38,1,0,0
7,39,1,0,1
7,40,1,0,1
7,41,1,0,1
7,42,1,1,1
7,43,1,0,0
7,44,1,0,0
7,45,1,1,0
7,46,1,1,0
7,47,1,1,1
7,48,1,1,0
7,49,1,1,1
7,50,1,0,1
7,51,1,1,0
7,52,1,1,1
7,53,1,1,1
7,54,1,1,0
7,55,1,0,0
7,56,1,0,1
7,57,1,1,1
7,58,1,0,0
7,59,1,1,0
7,60,1,0,1
7,61,1,0,1
7,62,1,1,1
7,63,1,1,0
7,64,1,0,0
7,65,1,1,1
7,66,1,1,1
7,67,1,0,1
7,68,1,0,0
7,69,1,1,1
7,70,1,0,0
7,71,1,0,1
7,72,1,0,1
7,73,1,1,0
7,74,1,0,0
7,75,1,1,1
7,76,1,1,0
7,77,1,0,0
7,78,1,1,1
7,79,1,0,0
7,80,1,0,0
7,81,1,0,1
7,82,1,1,1
7,83,1,1,0
7,84,1,0,0
7,85,1,1,1
7,86,1,0,1
7,87,1,0,1
7,88,1,1,0
7,89,1,0,0
7,90,1,0,1
7,91,1,1,0
7,92,1,1,0
7,93,1,0,0
7,94,1,1,0
7,95,1,1,1
7,96,1,1,1
7,97,1,0,0
7,98,1,1,1
7,99,1,0,1
7,100,1,1,0
7,101,1,1,0
7,102,1,0,0
7,103,1,0,0
7,104,1,0,1
7,105,1,1,0
7,106,1,0,1
7,107,1,1,0
7,108,1,1,1
7,109,1,0,1
7,110,1,1,0
7,111,1,0,1
7,112,1,0,0
7,113,1,0,0
7,114,1,1,1
7,115,1,0,1
7,116,1,0,0
7,117,1,1,0
7,118,1,0,1
7,119,1,1,0
7,120,1,0,0
7,121,1,0,0
7,122,1,1,0
7,123,1,1,1
7,124,1,0,1
7,125,1,1,0
7,126,1,0,0
7,127,1,1,1
7,128,1,1,0
7,129,1,0,0
7,130,1,0,0
7,131,1,1,1
7,132,1,1,1
7,133,1,1,1
7,134,1,1,0
7,135,1,0,1
7,136,1,0,0
7,137,1,0,1
7,138,1,0,1
7,139,1,0,0
7,140,1,1,0
7,141,1,0,0
7,142,1,1,0
7,143,1,0,1
7,144,1,1,0
7,145,1,0,0
7,146,1,0,1
7,147,1,1,1
7,148,1,1,0
7,149,1,0,0
7,150,1,1,0
7,151,1,0,0
7,152,1,0,0
7,153,1,0,0
7,154,1,1,1
7,155,1,0,1
7,156,1,1,1
7,157,1,0,1
7,158,1,1,0
7,159,1,0,0
7,160,1,1,1
7,161,1,0,0
7,162,1,1,0
7,163,1,1,1
7,164,1,1,1
7,165,1,0,1
7,166,1,0,1
7,167,1,0,0
7,168,1,1,1
7,169,1,0,1
7,170,1,0,0
7,171,1,0,0
7,172,1,0,1
7,173,1,0,1
7,174,1,0,0
7,175,1,1,1
7,176,1,1,0
7,177,1,0,0
7,178,1,0,1
7,179,1,1,0
7,180,1,1,1
7,181,1,0,1
7,182,1,0,0
7,183,1,0,0
7,184,1,1,1
7,185,1,1,0
7,186,1,1,0
7,187,1,0,0
7,188,1,0,1
7,189,1,0,0
7,190,1,1,0
7,191,1,0,1
7,192,1,0,1
7,193,1,1,0
7,194,1,0,0
7,195,1,0,1
7,196,1,1,0
7,197,1,1,0
7,198,1,0,1
7,199,1,0,1
7,200,1,1,0
7,201,1,0,0
7,202,1,1,0
7,203,1,0,1
7,204,1,0,1
7,205,1,0,1
7,206,1,1,1
7,207,1,1,0
7,208,1,0,0
7,209,1,0,0
7,210,1,0,1
7,211,1,0,0
7,212,1,0,1
7,213,1,0,1
7,214,1,1,0
7,215,1,0,0
7,216,1,1,1
7,217,1,1,1
7,218,1,1,0
7,219,1,0,0
7,220,1,1,0
7,221,1,0,1
7,222,1,0,0
7,223,1,0,1
7,224,1,0,0
7,225,1,1,0
7,226,1,0,1
7,227,1,1,0
7,228,1,0,0
7,229,1,0,0
7,230,1,1,1
7,231,1,0,0
7,232,1,0,1
7,233,1,0,0
7,234,1,0,0
7,235,1,0,0
7,236,1,1,0
7,237,1,0,0
7,238,1,0,1
7,239,1,0,0
7,240,1,0,1
7,241,1,1,0
7,242,1,0,1
7,243,1,0,1
7,244,1,0,1
7,245,1,1,1
7,246,1,1,0
7,247,1,0,0
7,248,1,0,0
7,249,1,0,0
7,250,1,0,1
7,251,1,0,0
7,252,1,1,1
7,253,1,1,1
7,254,1,1,0
7,255,1,1,0
8,0,1,1,0
8,1,1,0,1
8,2,1,1,1
8,3,1,1,0
8,4,1,0,0
8,5,1,0,1
8,6,1,1,1
8,7,1,0,1
8,8,1,1,0
8,9,1,0,0
8,10,1,0,1
8,11,1,0,0
8,12,1,0,0
8,13,1,1,0
8,14,1,1,1
8,15,1,0,1
8,16,1,1,0
8,17,1,0,0
8,18,1,1,0
8,19,1,0,1
8,20,1,1,1
8,21,1,1,1
8,22,1,1,1
8,23,1,0,0
8,24,1,0,0
8,25,1,0,0
8,26,1,0,1
8,27,1,0,1
8,28,1,0,1
8,29,1,1,0
8,30,1,0,1
8,31,1,0,1
8,32,1,0,1
8,33,1,1,1
8,34,1,1,1
8,35,1,1,1
8,36,1,1,0
8,37,1,1,1
8,38,1,0,0
8,39,1,0,0
8,40,1,1,0
8,41,1,1,1
8,42,1,0,1
8,43,1,1,0
8,44,1,1,0
8,45,1,0,1
8,46,1,0,1
8,47,1,0,1
8,48,1,0,1
8,49,1,0,1
8,50,1,1,0
8,51,1,1,1
8,52,1,0,1
8,53,1,1,0
8,54,1,0,0
8,55,1,0,1
8,56,1,1,0
8,57,1,0,0
8,58,1,1,0
8,59,1,0,1
8,60,1,1,0
8,61,1,1,0
8,62,1,0,0
8,63,1,1,0
8,64,1,1,1
8,65,1,0,1
8,66,1,0,1
8,67,1,0,0
8,68,1,0,0
8,69,1,0,0
8,70,1,1,0
8,71,1,0,1
8,72,1,0,0
8,73,1,0,0
8,74,1,1,1
8,75,1,0,1
8,76,1,0,1
8,77,1,0,0
8,78,1,0,1
8,79,1,1,0
8,80,1,1,1
8,81,1,1,1
8,82,1,0,0
8,83,1,1,1
8,84,1,1,1
8,85,1,1,0
8,86,1,0,0
8,87,1,1,1
8,88,1,1,1
8,89,1,0,0
8,90,1,0,0
8,91,1,0,0
8,92,1,0,1
8,93,1,0,0
8,94,1,0,0
8,95,1,1,1
8,96,1,0,1
8,97,1,0,1
8,98,1,1,1
8,99,1,1,0
8,100,1,0,1
8,101,1,0,1
8,102,1,1,1
8,103,1,0,1
8,104,1,1,0
8,105,1,0,0
8,106,1,1,0
8,107,1,1,1
8,108,1,0,1
8,109,1,1,1
8,110,1,0,0
8,111,1,1,1
8,112,1,1,1
8,113,1,0,0
8,114,1,0,1
8,115,1,0,0
8,116,1,0,0
8,117,1,1,1
8,118,1,1,0
8,119,1,1,1
8,120,1,1,0
8,121,1,0,0
8,122,1,0,0
8,123,1,0,0
8,124,1,0,1
8,125,1,1,1
8,126,1,0,0
8,127,1,1,1
8,128,1,0,0
8,129,1,1,1
8,130,1,1,0
8,131,1,1,1
8,132,1,0,0
8,133,1,1,1
8,134,1,1,1
8,135,1,1,1
8,136,1,1,1
8,137,1,1,0
8,138,1,0,0
8,139,1,1,1
8,140,1,0,1
8,141,1,0,1
8,142,1,1,0
8,143,1,0,1
8,144,1,0,1
8,145,1,1,1
8,146,1,1,0
8,147,1,0,1
8,148,1,1,1
8,149,1,1,0
8,150,1,0,1
8,151,1,1,1
8,152,1,0,0
8,153,1,0,1
8,154,1,1,1
8,155,1,1,1
8,156,1,0,1
8,157,1,0,0
8,158,1,0,0
8,159,1,0,0
8,160,1,0,0
8,161,1,0,0
8,162,1,0,0
8,163,1,1,1
8,164,1,0,1
8,165,1,1,0
8,166,1,1,0
8,167,1,1,0
8,168,1,1,1
8,169,1,0,0
8,170,1,0,0
8,171,1,0,1
8,172,1,0,0
8,173,1,0,0
8,174,1,0,0
8,175,1,0,1
8,176,1,0,0
8,177,1,1,1
8,178,1,0,1
8,179,1,0,0
8,180,1,0,1
8,181,1,1,1
8,182,1,1,0
8,183,1,0,0
8,184,1,1,0
8,185,1,0,0
8,186,1,0,0
8,187,1,0,1
8,188,1,0,0
8,189,1,1,0
8,190,1,0,1
8,191,1,1,0
8,192,1,1,0
8,193,1,0,0
8,194,1,1,0
8,195,1,0,1
8,196,1,1,1
8,197,1,0,1
8,198,1,1,1
8,199,1,1,0
8,200,1,1,1
8,201,1,0,0
8,202,1,0,0
8,203,1,0,1
8,204,1,1,0
8,205,1,1,0
8,206,1,0,1
8,207,1,1,0
8,208,1,1,0
8,209,1,1,0
8,210,1,0,0
8,211,1,1,1
8,212,1,1,0
8,213,1,1,0
8,214,1,0,0
8,215,1,0,0
8,216,1,0,1
8,217,1,1,0
8,218,1,1,1
8,219,1,0,1
8,220,1,1,0
8,221,1,0,1
8,222,1,1,0
8,223,1,1,0
8,224,1,1,1
8,225,1,0,1
8,226,1,1,1
8,227,1,1,1
8,228,1,1,0
8,229,1,1,1
8,230,1,0,1
8,231,1,1,1
8,232,1,1,0
8,233,1,0,0
8,234,1,1,0
8,235,1,0,0
8,236,1,1,0
8,237,1,0,0
8,238,1,0,1
8,239,1,1,0
8,240,1,1,0
8,241,1,0,1
8,242,1,1,1
8,243,1,0,0
8,244,1,1,0
8,245,1,1,0
8,246,1,1,1
8,247,1,1,1
8,248,1,1,0
8,249,1,0,0
8,250,1,1,0
8,251,1,0,1
8,252,1,1,0
8,253,1,0,0
8,254,1,1,1
8,255,1,0,0
